{"cameraMode":{"drawMode":0,"name":"Shaded","section":"Shading Mode"},"sceneLighting":false,"audioPlay":false,"sceneViewState":{"showFog":true,"showMaterialUpdate":true,"showSkybox":false,"showFlares":true,"showImageEffects":true,"showParticleSystems":true},"in2DMode":false,"pivot":{"x":-29.245864868164064,"y":111.7223129272461,"z":91.11921691894531},"rotation":{"x":-0.18746082484722138,"y":0.4175497889518738,"z":-0.08849430084228516,"w":-0.8847092986106873},"size":6.5321784019470219,"orthographic":false}