{"cameraMode":{"drawMode":0,"name":"Shaded","section":"Shading Mode"},"sceneLighting":true,"audioPlay":false,"sceneViewState":{"showFog":true,"showMaterialUpdate":true,"showSkybox":false,"showFlares":true,"showImageEffects":true,"showParticleSystems":true},"in2DMode":false,"pivot":{"x":-92.16870880126953,"y":25.34290313720703,"z":72.70542907714844},"rotation":{"x":0.16565516591072083,"y":0.6019720435142517,"z":-0.1294424831867218,"w":0.7703515291213989},"size":12.12435531616211,"orthographic":false}