{"cameraMode":{"drawMode":0,"name":"Shaded","section":"Shading Mode"},"sceneLighting":false,"audioPlay":false,"sceneViewState":{"showFog":true,"showMaterialUpdate":true,"showSkybox":false,"showFlares":true,"showImageEffects":true,"showParticleSystems":true},"in2DMode":false,"pivot":{"x":3.612095832824707,"y":-1.1039948463439942,"z":1.680320143699646},"rotation":{"x":-0.13694873452186585,"y":-0.5958150625228882,"z":0.1039867103099823,"w":-0.7845189571380615},"size":2.9122965335845949,"orthographic":false}