{"cameraMode":{"drawMode":0,"name":"Shaded","section":"Shading Mode"},"sceneLighting":true,"audioPlay":false,"sceneViewState":{"showFog":true,"showMaterialUpdate":true,"showSkybox":true,"showFlares":true,"showImageEffects":true,"showParticleSystems":true},"in2DMode":false,"pivot":{"x":-62.86531448364258,"y":7.384384632110596,"z":68.28072357177735},"rotation":{"x":-0.20224247872829438,"y":-0.6111133098602295,"z":0.16537348926067353,"w":-0.7472130656242371},"size":7.7923054695129398,"orthographic":false}