{"cameraMode":{"drawMode":0,"name":"Shaded","section":"Shading Mode"},"sceneLighting":false,"audioPlay":false,"sceneViewState":{"showFog":true,"showMaterialUpdate":true,"showSkybox":false,"showFlares":true,"showImageEffects":true,"showParticleSystems":true},"in2DMode":false,"pivot":{"x":-56.65824890136719,"y":5.135113716125488,"z":52.85489273071289},"rotation":{"x":-0.18588899075984956,"y":-0.4782717227935791,"z":0.10432994365692139,"w":-0.8519690036773682},"size":1.2310413122177125,"orthographic":false}