{"cameraMode":{"drawMode":0,"name":"Shaded","section":"Shading Mode"},"sceneLighting":false,"audioPlay":false,"sceneViewState":{"showFog":true,"showMaterialUpdate":true,"showSkybox":false,"showFlares":true,"showImageEffects":true,"showParticleSystems":true},"in2DMode":false,"pivot":{"x":-64.43000030517578,"y":7.510969161987305,"z":61.428993225097659},"rotation":{"x":-0.14870546758174897,"y":0.224795401096344,"z":-0.03475208953022957,"w":-0.9623810648918152},"size":1.1666715145111085,"orthographic":false}