{"cameraMode":{"drawMode":0,"name":"Shaded","section":"Shading Mode"},"sceneLighting":true,"audioPlay":false,"sceneViewState":{"showFog":true,"showMaterialUpdate":true,"showSkybox":false,"showFlares":true,"showImageEffects":true,"showParticleSystems":true},"in2DMode":false,"pivot":{"x":32.96017837524414,"y":36.910179138183597,"z":42.90222930908203},"rotation":{"x":0.03514126315712929,"y":0.9627660512924194,"z":-0.21914751827716828,"w":0.1543678492307663},"size":12.12435531616211,"orthographic":false}